"SampleID","LakeID","Depth_Tow_m","DilutionVolume","No2mlSubsamplesCounted","Calanoids_density_per_L","Cyclopoids_density_per_L","Nauplii_density_per_L","Daphnia_density_per_L","Bosmina_density_per_L","Chydorus_density_per_L","Diaphanosoma_density_per_L","Holopedium_density_per_L","Chaoborus_density_per_L","WaterMites_density_per_L","Brachionus.Keratella_density_per_L","ConochilusColonies_density_per_L","Asplanchna_density_per_L","Ciliate_density_per_L","Amoeboid_density_per_L","Rotifers..other._density_per_L","Polyphemidae_density_per_L","diversity_shannon","diversity_simpson","diversity_invsimpson","diversity_richness","MaxDepth","SurfaceArea_m2","Volume_m3","MeanDepth","depth_ratio","MaxDepth_bathy","max_depth_sonde_m","MaxDepth_source","MaxDepth_lower_bound_m","MaxDepth_missing_both","DFO_m","Lake_Level_m","Latitude","Longitude","landuse_avg_chlorophyll","landuse_mean_cover_pattern","landuse_mean_crown_closure","landuse_elevation","landuse_mean_height","landuse_loose_road_density","landuse_paved_road_density","landuse_mean_forest_age","n_samples_lake","depth_rank","zoop_sample_type","MatchID","deployment_id","sonde_deployment_type","integrated_temp","integrated_pH","integrated_DO_percent","integrated_DO_mgL","integrated_chl","integrated_phyco","integrated_fDOM","thermocline_depth_m","oxygen_threshold_depth_m","epilimnion_depth_m","refuge_bottom_depth_m","refuge_is_bottom_bounded","refuge_thickness_m","refuge_m","surface_temp","surface_pH","surface_DO_percent","surface_chl","bottom_temp","bottom_DO_percent","bottom_DO_mgL","min_DO_mgL","max_depth_sampled","n_depth_points","depth_range","fallback_temp","fallback_pH","fallback_DO_percent","fallback_chl","final_temp","final_pH","final_DO_percent","final_chl","sonde_match_quality","infection_lake_code","infection_month","infection_year","infection_raw_cope_copies","infection_adjusted_cope_copies","infection_cope_counts","infection_raw_worm_copies","infection_adjusted_worm_copies","infection_worm_counts","infection_burden"
"amor_zoop_2","amor",20.5,100,5,0.211792952734535,0.173285143146438,0.808664001350043,0.115523428764292,0.192539047940486,0,0,0.250300762322632,0,0.0192539047940486,9.62695239702432,0.327316381498827,0,0,0,9.62695239702432,0.0962695239702432,1.02197114254266,0.564193375473379,2.29459568469436,10,48.8,3622100,52882660,14.6,0.2991803279,48.8,19.091,"bathymetry",NA,FALSE,32459.38,209,50.1660995,-125.5540009,NA,NA,NA,NA,NA,NA,NA,NA,1,1,"single","amor_single",NA,"deep",10.971076789992,7.3298485493745,113.344154910833,12.6427354272026,0.543309555496407,0.0615121107266436,3.8053729039127,5.36380749500517,NA,3.50406840623161,NA,NA,NA,NA,NA,NA,NA,NA,NA,NA,NA,NA,NA,NA,NA,13.0840445353469,7.40284971328374,115.377722450257,0.431727017170288,10.971076789992,7.3298485493745,113.344154910833,0.543309555496407,"deployment_matched","AMO","JUNE",2023,573,57300,16.80573683,0,0,0,0
"anutz_zoop_3","anutz",1.5,100,5,0.526273397703996,1.05254679540799,0.526273397703996,0,2.36823028966798,0,0.526273397703996,0,0.263136698851998,0,0,0.526273397703996,0,0,0,0,0,1.52177818736073,0.725,3.63636363636363,6,41.5,983400,12980880,13.2,0.3180722892,41.5,20.087,"bathymetry",NA,FALSE,11750.96,23,50.3013,-126.9229965,NA,NA,NA,NA,NA,NA,NA,NA,2,2,"shallow","anutz_shallow","anutz_2","shallow",13.1245368687127,7.75208012051269,109.709000153194,11.6357904815401,0.289978552826431,0.015491242404126,3.6472435275494,10.2626952972581,NA,8.47102009691428,20.052,TRUE,11.5809799030857,11.5809799030857,19.1883143989432,8.01816380449141,115.091809775429,0.096327608982827,6.43477131591917,102.534967964515,12.6211237062592,10.42,20.052,21,19.583,13.0920444110492,7.66290950940671,109.786611581294,0.319632738603266,13.1245368687127,7.75208012051269,109.709000153194,0.289978552826431,"deployment_matched",NA,NA,NA,NA,NA,NA,NA,NA,NA,NA
"anutz_zoop_4","anutz",28.5,100,5,0.0969450995770519,0.553971997583154,0.553971997583154,0,0.789410096555994,0,0,0,0,0,0,0,0,0,0,0.761711496676836,0,1.21963504082212,0.686602586922986,3.19083680424082,4,41.5,983400,12980880,13.2,0.3180722892,41.5,20.087,"bathymetry",NA,FALSE,11750.96,23,50.3013,-126.9229965,NA,NA,NA,NA,NA,NA,NA,NA,2,1,"deep","anutz_deep","anutz_1","deep",13.0595519533857,7.57373889830073,109.864223009395,11.6638238615945,0.349286924380102,0.0283197289388572,3.67259818265825,9.78391549095572,NA,8.21778926207883,20.087,TRUE,11.8692107379212,11.8692107379212,19.232288184438,7.84011527377522,114.913976945245,0.131743515850144,6.55714186893204,102.57442961165,12.5920327669903,10.56,20.087,21,19.479,13.0920444110492,7.66290950940671,109.786611581294,0.319632738603266,13.0595519533857,7.57373889830073,109.864223009395,0.349286924380102,"deployment_matched","ANU","JUNE",2023,325,32500,9.532049684,0,0,0,0
"beaver_zoop_5","beaver",2,100,5,1.57882019311199,3.74969795864097,19.9326049380388,0,23.6823028966798,0,0,0,0,0,0.592057572416995,0,0,0,0,6.90733834486495,0,1.03218338675627,0.530781592403214,2.13120368640638,5,13,174000,852600,4.9,0.3769230769,13,10.963,"bathymetry",NA,FALSE,9394.84,83,50.6007004,-127.3150024,0.843478261,1.222910692,60.49356533,94.25351417,18.5789064,0.002329736,0.001422046,91.0796256,2,2,"shallow","beaver_shallow","beaver_1","shallow",13.2280540617849,6.9271760583524,102.018385297483,10.6705091533181,0.926963672768879,0.074295623569794,20.3984146167048,2.63984204469331,NA,0.789359190112692,6.994,TRUE,6.20464080988731,6.20464080988731,20.7273952734013,7.49458294717331,115.222706209453,0.467687673772011,6.887,80.9,9.845,9.65,6.994,9,6.992,11.6619539063721,6.82755267806339,95.5427929940983,0.946703008679144,13.2280540617849,6.9271760583524,102.018385297483,0.926963672768879,"deployment_matched",NA,NA,NA,NA,NA,NA,NA,NA,NA,NA
"beaver_zoop_6","beaver",8,100,5,0.690733834486495,5.52587067589196,5.92057572416995,0,14.5054105242164,0,0,0.246690655173748,0,0,0.148014393104249,0,0,0,0,24.6690655173748,0,1.06251642735893,0.594500130053508,2.46609203631053,6,13,174000,852600,4.9,0.3769230769,13,10.963,"bathymetry",NA,FALSE,9394.84,83,50.6007004,-127.3150024,0.843478261,1.222910692,60.49356533,94.25351417,18.5789064,0.002329736,0.001422046,91.0796256,2,1,"deep","beaver_deep","beaver_2","deep",10.0958537509593,6.72792929777437,89.0672006907138,9.94045519953952,0.966442344589409,0.0912413660782809,22.0792195894091,2.75878515591303,NA,0.5,10.963,TRUE,10.463,10.463,20.5805,7.465,114.7,0.485,5.97132849872774,67.2403307888041,8.37736386768448,7.85,10.963,12,10.424,11.6619539063721,6.82755267806339,95.5427929940983,0.946703008679144,10.0958537509593,6.72792929777437,89.0672006907138,0.966442344589409,"deployment_matched","BEA","JUNE",2023,263,26300,7.713627898,0,0,0,0
"black_zoop_7","black",0.5,100,5,2.36823028966798,24.4717129932358,39.4705048277997,0.789410096555994,2.36823028966798,0,0,2.36823028966798,0,0,11.0517413517839,0,0,0,0,0,0,1.22028015702036,0.608264462809917,2.55274261603376,6,27.2,1299900,14428890,11.1,0.4080882353,27.2,15.543,"bathymetry",NA,FALSE,4985.72,111,48.7737999,-125.0970001,1.193703704,2.491239884,55.90757685,153.017998,17.88429328,0.002827908,0,87.2159065,2,2,"shallow","black_shallow",NA,"single",10.8407364408415,6.23102361191533,99.2771118831628,11.03167149199,0.78260117094512,0.193022904201248,19.9949752300071,4.14184931874402,0.0710187932739861,2.76688133727559,NA,NA,NA,NA,NA,NA,NA,NA,NA,NA,NA,NA,NA,NA,NA,10.8407364408415,6.23102361191533,99.2771118831628,0.78260117094512,10.8407364408415,6.23102361191533,99.2771118831628,0.78260117094512,"deployment_matched",NA,NA,NA,NA,NA,NA,NA,NA,NA,NA
"black_zoop_8","black",14,100,3,1.64460436782499,10.3845018654092,4.98080179969853,0.0469886962235711,1.55062697537785,0,0,0.751819139577137,0,0,1.87954784894284,0,0,0,0,0.704830443353566,0,1.27571109004237,0.591493312666416,2.44794034224318,7,27.2,1299900,14428890,11.1,0.4080882353,27.2,15.543,"bathymetry",NA,FALSE,4985.72,111,48.7737999,-125.0970001,1.193703704,2.491239884,55.90757685,153.017998,17.88429328,0.002827908,0,87.2159065,2,1,"deep","black_deep",NA,"single",10.8407364408415,6.23102361191533,99.2771118831628,11.03167149199,0.78260117094512,0.193022904201248,19.9949752300071,4.14184931874402,0.0710187932739861,2.76688133727559,NA,NA,NA,NA,NA,NA,NA,NA,NA,NA,NA,NA,NA,NA,NA,10.8407364408415,6.23102361191533,99.2771118831628,0.78260117094512,10.8407364408415,6.23102361191533,99.2771118831628,0.78260117094512,"deployment_matched","BLA","JUNE",2023,95,9500,2.786291446,33.8,338,0.2114389736,0.07588544762
"blackwater_zoop_9","blackwater",1.5,100,5,0.526273397703996,4.47332388048397,6.05214407359595,0.526273397703996,2.36823028966798,0,0.263136698851998,3.15764038622398,0,0,52.6273397703996,3.94705048277997,0.263136698851998,0,0,131.568349425999,0,0.955955147485335,0.495298404217463,1.98136880952299,10,28,375000,NA,NA,NA,28,13.138,"bathymetry",NA,FALSE,29424.04,189,50.1717987,-125.5899963,0.715769231,2.702773138,56.58043457,223.7860363,24.19070535,0.00115233,6.06072275580903e-05,58.84474613,2,2,"shallow","blackwater_shallow","blackwater_2","shallow",13.3405928304176,7.20841844473658,112.805243199515,11.9235989483264,0.493592375366569,0.0410066740823137,4.98085903529174,4.12010619937699,NA,1.79409556449659,9.963,TRUE,8.1689044355034,8.1689044355034,19.950925349087,7.28,111.617024704619,0.263297529538131,7.56442498816848,109.135683861808,13.0579720776148,10.14,9.963,11,9.889,12.4600592961388,7.1230676106812,111.278662284646,0.655415611183127,13.3405928304176,7.20841844473658,112.805243199515,0.493592375366569,"deployment_matched",NA,NA,NA,NA,NA,NA,NA,NA,NA,NA
"blackwater_zoop_10","blackwater",11,100,5,0.107646831348545,3.98293275989615,3.94705048277997,0.430587325394178,3.15764038622398,0,0.143529108464726,0.609998710975086,0,0,17.9411385580908,0.897056927904539,0,0,0,1.97352524138998,0,1.28997672306021,0.587228725206067,2.42264920324029,9,28,375000,NA,NA,NA,28,13.138,"bathymetry",NA,FALSE,29424.04,189,50.1717987,-125.5899963,0.715769231,2.702773138,56.58043457,223.7860363,24.19070535,0.00115233,6.06072275580903e-05,58.84474613,2,1,"deep","blackwater_deep","blackwater_1","deep",11.5795257618599,7.03771677662583,109.752081369777,12.027136349356,0.817238846999686,0.210342836946277,5.41025251335218,6.02329306645786,NA,4.59371891952253,13.138,TRUE,8.54428108047747,8.54428108047747,19.5094635599159,7.28,110.407848633497,0.273430273300631,7.06154394079556,96.4013876040703,11.6876549491212,10.14,13.138,14,12.732,12.4600592961388,7.1230676106812,111.278662284646,0.655415611183127,11.5795257618599,7.03771677662583,109.752081369777,0.817238846999686,"deployment_matched","BLK","JUNE",2023,329,32900,9.649367219,0,0,0,0
"boot_zoop_11","boot",1.25,100,5,5.05222461795836,9.15715712004953,10.1044492359167,0.315764038622398,1.26305615448959,0,0.947292115867193,0.947292115867193,0,0,0,14.8409098152527,0,0,0,12.6305615448959,0,1.5875861320301,0.758374492640227,4.13863590366323,8,32,986700,11741730,11.9,0.371875,32,18.999,"bathymetry",NA,FALSE,38165.2,236,50.0539017,-125.5309982,0.47475,2.566541241,80.23381257,265.8387248,26.89978039,0.001680383,0,56.0411647,2,2,"shallow","boot_shallow","boot_2","shallow",12.0119552115189,7.39441386340469,112.643883792049,12.2297543960245,0.471961646279307,0.0400611620795107,2.80801095820591,6.49873803672084,NA,5.29310678262737,16.141,TRUE,10.8478932173726,10.8478932173726,17.81886400818,7.53817655078391,111.854703476483,0.0745296523517382,7.22796124794746,101.464712643678,12.2474187192118,10.62,16.141,17,15.696,11.6186251762372,7.28092683322282,111.457997845378,0.517076678342294,12.0119552115189,7.39441386340469,112.643883792049,0.471961646279307,"deployment_matched","BOO","JUNE",2023,180,18000,5.279289056,7.6,76,0.0475424911,0.009005472252
"boot_zoop_12","boot",17.5,100,5,0.631528077244795,1.78181136079781,3.08997666366203,0.811964670743308,0.202991167685827,0.0225545741873141,0.270654890247769,1.12772870936571,0,0,0,0.405982335371654,0,0,0,0.451091483746282,0,1.87872080575392,0.816103985377056,5.43785574717526,9,32,986700,11741730,11.9,0.371875,32,18.999,"bathymetry",NA,FALSE,38165.2,236,50.0539017,-125.5309982,0.47475,2.566541241,80.23381257,265.8387248,26.89978039,0.001680383,0,56.0411647,2,1,"deep","boot_deep","boot_1","deep",11.2252951409556,7.16743980304096,110.272111898707,12.1656325415291,0.562191710405281,0.0644364482441426,2.95981088685677,6.39545078527177,NA,5.00429987897807,18.999,TRUE,13.9947001210219,13.9947001210219,17.7775782361309,7.41,111.512695590327,0.0811913229018492,7.02300140449438,95.848121488764,11.6260252808989,10.6,18.999,20,18.481,11.6186251762372,7.28092683322282,111.457997845378,0.517076678342294,11.2252951409556,7.16743980304096,110.272111898707,0.562191710405281,"deployment_matched",NA,NA,NA,NA,NA,NA,NA,NA,NA,NA
"brownbay_zoop_13","brownbay",2,100,5,19.7352524138998,5.13116562761396,6.11792824830895,1.57882019311199,58.4163471451436,0,4.53910805519696,16.1829069793979,0,0,0,0.789410096555994,0,0,0,0,0,1.30785660599759,0.636429036110987,2.75049467455621,7,18.5,79000,568800,7.2,0.3891891892,18.5,17.006,"bathymetry",NA,FALSE,3567.94,107,50.1589012,-125.413002,0.642162162,3.227021937,66.78097179,167.7508663,29.27055929,0.002726919,8.84644076916339e-05,83.83251689,2,2,"shallow","brownbay_shallow","brownbay_2","shallow",9.43158470588235,6.6827937716263,106.744757785467,12.2111356401384,0.738867820069204,0.0811114186851211,9.12826470588235,4.04072456091672,NA,2.62145950961544,15.012,TRUE,12.3905404903846,12.3905404903846,18.8629313244569,7.23864050455501,113.559145059566,0.0718185003503854,4.43641361614779,79.6709544988026,10.3228258638385,9.4,15.012,16,14.45,9.10183401707538,6.64864799503335,104.003771343958,0.728450198857309,9.43158470588235,6.6827937716263,106.744757785467,0.738867820069204,"deployment_matched",NA,NA,NA,NA,NA,NA,NA,NA,NA,NA
"brownbay_zoop_14","brownbay",15,100,4,0.888086358625493,2.82871951265898,1.97352524138998,0.493381310347496,0.164460436782499,0,1.48014393104249,2.20376985288548,0.0328920873564997,0,0,0.131568349425999,0,0,0,0,0,1.6043057161744,0.761504,4.19294243928619,8,18.5,79000,568800,7.2,0.3891891892,18.5,17.006,"bathymetry",NA,FALSE,3567.94,107,50.1589012,-125.413002,0.642162162,3.227021937,66.78097179,167.7508663,29.27055929,0.002726919,8.84644076916339e-05,83.83251689,2,1,"deep","brownbay_deep","brownbay_1","deep",8.7720833282684,6.61450221844041,101.262784902449,11.7356074879961,0.718032577645414,0.0916401264207135,9.17836747097794,3.73879093461877,NA,2.6261780342375,17.006,TRUE,14.3798219657625,14.3798219657625,19.296,7.325,114.3,0.1,4.30303836805556,67.576875,8.78411458333333,5,17.006,18,16.453,9.10183401707538,6.64864799503335,104.003771343958,0.728450198857309,8.7720833282684,6.61450221844041,101.262784902449,0.718032577645414,"deployment_matched","BRB","JUNE",2023,1870,187000,54.84594741,0,0,0,0
"cedar_zoop_15","cedar",2,100,5,8.88086358625493,1.77617271725099,6.70998582072595,0.592057572416995,0.986762620694992,0,0.394705048277997,0,0.197352524138998,0,10.8543888276449,0,0,0,0,4.73646057933596,0.197352524138998,1.52514221730939,0.726658739595719,3.65843048547068,9,20,310000,930000,3,0.15,20,12.714,"bathymetry",NA,FALSE,28804.68,204,50.2067986,-125.5660019,0.491212121,3.220558823,62.88449709,230.6145369,26.54868599,0.002206501,0.000213396,69.09645165,2,2,"shallow","cedar_shallow",NA,"single",12.0148017964546,6.64901274137385,101.637682019626,11.0103339664451,0.505628363406141,0.0845659227603672,5.08103078505856,8.8094951770655,NA,8.4013321169276,NA,NA,NA,NA,NA,NA,NA,NA,NA,NA,NA,NA,NA,NA,NA,12.0148017964546,6.64901274137385,101.637682019626,0.505628363406141,12.0148017964546,6.64901274137385,101.637682019626,0.505628363406141,"deployment_matched",NA,NA,NA,NA,NA,NA,NA,NA,NA,NA
"cedar_zoop_16","cedar",9,100,5,1.49110796016132,0.613985630654662,7.49939591728194,0.745553980080661,0,0,0.087712232950666,0.131568349425999,0,0,0.43856116475333,0,0,0,0,21.9280582376665,0,0.604373416180673,0.251623067776457,1.33622504508369,7,20,310000,930000,3,0.15,20,12.714,"bathymetry",NA,FALSE,28804.68,204,50.2067986,-125.5660019,0.491212121,3.220558823,62.88449709,230.6145369,26.54868599,0.002206501,0.000213396,69.09645165,2,1,"deep","cedar_deep",NA,"single",12.0148017964546,6.64901274137385,101.637682019626,11.0103339664451,0.505628363406141,0.0845659227603672,5.08103078505856,8.8094951770655,NA,8.4013321169276,NA,NA,NA,NA,NA,NA,NA,NA,NA,NA,NA,NA,NA,NA,NA,12.0148017964546,6.64901274137385,101.637682019626,0.505628363406141,12.0148017964546,6.64901274137385,101.637682019626,0.505628363406141,"deployment_matched","CED","JUNE",2023,297,29700,8.710826942,0,0,0,0
"comida_zoop_17","comida",2.5,100,5,2.99975836691278,0.473646057933596,2.21034827035678,4.26281452140237,0.473646057933596,0,0,0.157882019311199,0,0,1.73670221242319,0,0,0,0,10.7359773131615,0.631528077244795,1.45403606871013,0.682634083044983,3.15093696763203,8,14,211000,780700,3.7,0.2642857143,14,12.06,"bathymetry",NA,FALSE,19340.71,212,50.1495018,-125.5299988,0.5875,2.534408307,58.39729682,253.5507517,22.77746357,0.002410198,0.000107245,54.50766632,2,2,"shallow","comida_shallow","comida_2","shallow",11.2760300362246,6.63505987120145,104.659790702355,11.5033678808613,0.635909136647213,0.0741346347353592,10.615461863554,3.14647740400347,0.00341023069207623,1.56042858210125,9.976,TRUE,8.41557141789875,8.41557141789875,19.3499353902954,7.06358386075949,108.259810126582,0.291366033755274,6.02074846625767,82.9180981595092,10.3171165644172,9.77,9.976,12,9.938,10.8196855405004,6.50572251437353,102.328726196948,0.64611957661548,11.2760300362246,6.63505987120145,104.659790702355,0.635909136647213,"deployment_matched",NA,NA,NA,NA,NA,NA,NA,NA,NA,NA
"comida_zoop_18","comida",10.5,100,4,1.36267219048356,4.69886962235711,4.93381310347496,1.40966088670713,0.42289826601214,0,0.187954784894284,2.63136698851998,0,0,0.234943481117855,0,0,0,0,0.939773924471421,0,1.66419483468323,0.759424455935884,4.15669848691474,8,14,211000,780700,3.7,0.2642857143,14,12.06,"bathymetry",NA,FALSE,19340.71,212,50.1495018,-125.5299988,0.5875,2.534408307,58.39729682,253.5507517,22.77746357,0.002410198,0.000107245,54.50766632,2,1,"deep","comida_deep","comida_1","deep",10.3633410447761,6.37638515754561,99.9976616915423,11.1852985074627,0.656330016583748,0.0803507462686567,11.0134660033168,3.20923526042884,0.00341023069207623,1.5826469165614,0.00341023069207623,FALSE,0,0,19.2630775594623,6.93870475698035,107.291778697001,0.293898655635988,5.91378054919908,77.9264073226545,9.72517162471396,0,12.06,15,12.06,10.8196855405004,6.50572251437353,102.328726196948,0.64611957661548,10.3633410447761,6.37638515754561,99.9976616915423,0.656330016583748,"deployment_matched","COM","JUNE",2023,30,3000,0.8798815093,0,0,0,0
"echo_zoop_19","echo",1,100,3,119.069356230529,2.63136698851998,69.7312251957795,0.657841747129995,20.3930941610298,0,1.97352524138998,0,0,0,197.352524138998,0,0,0,0,197.352524138998,0,1.24772865110908,0.682111838191553,3.14576042816775,7,14,244000,1415200,5.8,0.4142857143,14,7.95,"bathymetry",NA,FALSE,38446.97,220,49.9860001,-125.4110031,0.695,3,106.6162026,246.0117182,20.89736606,0.00398155,0.000765453,45.2255392,2,2,"shallow","echo_shallow","echo_1","shallow",16.9451116589963,7.51668310322157,112.245090948937,10.8989644970414,0.6537902695595,0.00596318211702827,8.1291288625904,4.5,NA,2.67195494612702,5.005,TRUE,2.33304505387298,2.33304505387298,18.5968784676354,7.60822985468956,109.756208718626,0.515528401585205,13.0285,115.65,12.175,10.2,5.005,6,4.563,15.4429406418983,7.45626664474543,109.39136865169,0.768319096993694,16.9451116589963,7.51668310322157,112.245090948937,0.6537902695595,"deployment_matched",NA,NA,NA,NA,NA,NA,NA,NA,NA,NA
"echo_zoop_20","echo",6.25,100,5,3.91547407891773,0.505222461795836,7.7046425423865,0.505222461795836,25.2611230897918,0,1.76827861628543,0.252611230897918,0,0,31.5764038622398,0,0,0,0,31.5764038622398,0,1.36013365991861,0.708446120784176,3.42989776946081,8,14,244000,1415200,5.8,0.4142857143,14,7.95,"bathymetry",NA,FALSE,38446.97,220,49.9860001,-125.4110031,0.695,3,106.6162026,246.0117182,20.89736606,0.00398155,0.000765453,45.2255392,2,1,"deep","echo_deep","echo_2","deep",13.9407696248004,7.39585018626929,106.537646354444,11.0101929217669,0.882847924427887,0.0612034326769558,9.44236761575306,4.09621179277821,NA,2.5727476886427,7.95,TRUE,5.3772523113573,5.3772523113573,18.6078841059603,7.70176490066225,110.22059602649,0.456761589403973,8.545,87.4,10.21,9.59,7.95,9,7.516,15.4429406418983,7.45626664474543,109.39136865169,0.768319096993694,13.9407696248004,7.39585018626929,106.537646354444,0.882847924427887,"deployment_matched","ECH","JUNE",2023,464,46400,13.60883401,0,0,0,0
"far_zoop_22","far",14,100,4,0.246690655173748,4.44043179312747,5.39195289165478,1.6211100197132,1.48014393104249,0,1.44490240887481,0.352415221676783,0,0,14.0966088670713,0,0.176207610838392,0,0,14.0966088670713,3.4184276502648,1.63687675562324,0.745319515104377,3.9264885191727,10,12,187500,937500,5,0.4166666667,12,12.173,"bathymetry",NA,FALSE,26513.5,180,50.2001991,-125.5899963,0.889032258,3.091596817,67.15791762,206.225906,27.54788487,0.001760588,8.23273604369294e-05,77.80410119,1,1,"single","far_single","far_1","single",13.5342260206186,7.04455010309278,105.038115463918,10.991701443299,0.816682474226804,0.135767010309278,5.58172659793814,7.81052221737592,NA,7.39866058510182,12.173,TRUE,4.77433941489818,4.77433941489818,22.0335991735537,7.34858953168044,113.567079889807,0.175429752066116,7.05677528583993,83.8977572559367,10.1640567282322,8.55,12.173,30,12.125,13.5342260206186,7.04455010309278,105.038115463918,0.816682474226804,13.5342260206186,7.04455010309278,105.038115463918,0.816682474226804,"deployment_matched","FAR","JUNE",2023,2520,252000,73.91004678,0,0,0,0
"fry_zoop_23","fry",1.5,100,5,3.68391378392797,19.7352524138999,8.68351106211593,4.21018718163197,60.7845774348115,0,2.36823028966798,0,0,0,0,0,0,0.526273397703996,0,0,0.789410096555994,1.03857465665672,0.514024489795918,2.05771685816032,7,8.976,781200,NA,NA,NA,NA,8.976,"sonde",NA,FALSE,32877.35,179,50.0275002,-125.5790024,0.347083333,3.094677458,83.39723978,189.9451139,31.29212672,0.002585577,0.000116094,69.69795065,2,2,"shallow","fry_shallow","fry_2","shallow",14.086664241779,7.7443127513603,116.888845516915,12.0305009462976,0.375408090844571,0.0508073101490419,2.07927253371185,7.84239456473125,NA,7.44862603954686,8.927,TRUE,1.47837396045314,1.47837396045314,16.2145616197183,7.85102112676056,116.669894366197,0.085968309859155,11.2875,109.95,12.045,11.45,8.927,10,8.454,14.0653201241667,7.68144798382622,117.073188559019,0.368336945703184,14.086664241779,7.7443127513603,116.888845516915,0.375408090844571,"deployment_matched",NA,NA,NA,NA,NA,NA,NA,NA,NA,NA
"fry_zoop_24","fry",9,100,5,0.482417281228663,4.69260446286063,3.64005766745264,3.37692096860064,0.526273397703996,0,0.131568349425999,0.833266213031327,0,0,0,0.131568349425999,0.043856116475333,0,0,0,0,1.360062295177,0.668017462100978,3.01220662486823,8,8.976,781200,NA,NA,NA,NA,8.976,"sonde",NA,FALSE,32877.35,179,50.0275002,-125.5790024,0.347083333,3.094677458,83.39723978,189.9451139,31.29212672,0.002585577,0.000116094,69.69795065,2,1,"deep","fry_deep","fry_1","deep",14.0439760065543,7.61858321629213,117.257531601124,12.0794118679775,0.361265800561798,0.0248765215355805,2.08117509363296,3.73240009431174,NA,2.94348396122688,8.976,TRUE,6.03251603877312,6.03251603877312,16.1485890957447,7.69458776595745,116.315292553191,0.101735372340426,11.3215,108.75,11.895,11.42,8.976,10,8.544,14.0653201241667,7.68144798382622,117.073188559019,0.368336945703184,14.0439760065543,7.61858321629213,117.257531601124,0.361265800561798,"deployment_matched","FRY","JUNE",2023,42.4,4240,1.243565866,0,0,0,0
"gramma_zoop_25","gramma",1,100,5,24.4717129932358,0.394705048277997,8.28880601383794,1.57882019311199,0.394705048277997,0,5.92057572416995,0.394705048277997,0,0,0,0,0,0,0,0,0,0.835004152012261,0.420634920634921,1.72602739726028,6,10,22000,85800,3.9,0.39,10,6.956,"bathymetry",NA,FALSE,8478.78,54,50.5163002,-127.4449997,0.251666667,1.691561804,68.95179951,103.3739761,25.74395049,0.002287642,0.000769577,90.06826797,2,2,"shallow","gramma_shallow","gramma_1","shallow",18.8429804609218,7.52365831663327,118.02123246493,11.0276773547094,0.243186372745491,0.0157244488977956,6.21193186372745,3.59939693646715,NA,1.81292373130389,5.022,TRUE,3.20907626869611,3.20907626869611,20.3117894736842,7.7381954887218,112.490037593985,0.181447368421053,14.271,121.75,12.44,9.88,5.022,7,4.99,17.6041270738005,7.38617484311964,113.018050566424,0.264725222020025,18.8429804609218,7.52365831663327,118.02123246493,0.243186372745491,"deployment_matched",NA,NA,NA,NA,NA,NA,NA,NA,NA,NA
"gramma_zoop_26","gramma",5.5,100,5,1.9376429642738,0,2.29646573543562,3.3011694946887,0,0,1.43529108464726,1.79411385580908,0,0,0,0,0,0,0,0,0,1.33431478791143,0.722062625682275,3.59793281653747,4,10,22000,85800,3.9,0.39,10,6.956,"bathymetry",NA,FALSE,8478.78,54,50.5163002,-127.4449997,0.251666667,1.691561804,68.95179951,103.3739761,25.74395049,0.002287642,0.000769577,90.06826797,2,1,"deep","gramma_deep","gramma_2","deep",16.3652736866792,7.248691369606,108.014868667917,10.5014641963727,0.286264071294559,0.038401344590369,7.39411116322701,3.66372658100176,NA,1.66794116661861,6.956,TRUE,5.28805883338139,5.28805883338139,21.4415,7.65,116.9,0.125,9.7695,65.45,7.415,6.36,6.956,8,6.396,17.6041270738005,7.38617484311964,113.018050566424,0.264725222020025,16.3652736866792,7.248691369606,108.014868667917,0.286264071294559,"deployment_matched","GRA","JUNE",2023,27.2,2720,0.7977592351,0,0,0,0
"gray_zoop_27","gray",1.5,100,5,0.789410096555994,1.84195689196399,12.3674248460439,0,0.789410096555994,0,0.789410096555994,0.526273397703996,0.263136698851998,0,0,0,0,0,0,0,0,1.63416655798117,0.775623268698061,4.45679012345679,6,17,625000,NA,NA,NA,17,15.061,"bathymetry",NA,FALSE,36470.46,183,50.0570984,-125.5960007,0.442333333,2.884813909,66.71893535,213.7391361,23.9948922,0.002535346,6.40437974400656e-05,53.90405357,2,2,"shallow","gray_shallow","gray_2","shallow",13.0241367342672,7.55399592306084,112.813772736776,11.9852697052059,0.437476479197157,0.0459476270123354,5.81334622621785,5.44375970112116,NA,4.50167044393836,10.067,TRUE,5.56532955606164,5.56532955606164,17.6651410788382,7.715,114.047925311203,0.180622406639004,7.0213326848249,106.99513618677,12.9755155642023,10.82,10.067,11,9.566,11.7569068297289,7.41849758370532,109.821753786125,0.490381778789346,13.0241367342672,7.55399592306084,112.813772736776,0.437476479197157,"deployment_matched",NA,NA,NA,NA,NA,NA,NA,NA,NA,NA
"gray_zoop_28","gray",10.5,100,5,0.488682440725139,0.526273397703996,1.24050158030228,0.563864354682853,0.789410096555994,0,0.488682440725139,2.06750263383713,0,0,0,0,0,0,0,0,0,1.60348331323837,0.753802225977507,4.061775147929,6,17,625000,NA,NA,NA,17,15.061,"bathymetry",NA,FALSE,36470.46,183,50.0570984,-125.5960007,0.442333333,2.884813909,66.71893535,213.7391361,23.9948922,0.002535346,6.40437974400656e-05,53.90405357,2,1,"deep","gray_deep","gray_1","deep",10.4896769251906,7.2829992443498,106.829734835474,11.9800274781892,0.543287078381535,0.0813859311671361,6.67028886446383,5.48692497079673,NA,4.56858759802085,15.061,TRUE,10.4924124019791,10.4924124019791,17.5915469401947,7.70809805285118,113.657058414465,0.204078581363004,5.50012771123341,91.1917125283263,11.4988831337002,10.82,15.061,16,14.557,11.7569068297289,7.41849758370532,109.821753786125,0.490381778789346,10.4896769251906,7.2829992443498,106.829734835474,0.543287078381535,"deployment_matched","GRY","JUNE",2023,22,2200,0.6452464401,0,0,0,0
"joe_zoop_29","joe",1,100,5,1.97352524138998,5.52587067589196,16.1829069793979,0.394705048277997,1.18411514483399,0.394705048277997,13.0252665931739,0,0.394705048277997,0,7.49939591728194,0,0.394705048277997,0,0,6.70998582072595,0,1.7351027229237,0.781385041551247,4.57425240750127,10,29,73500,646800,8.8,0.3034482759,29,20.048,"bathymetry",NA,FALSE,9169.11,279,50.623833,-127.483993,0.879333333,3.220625618,62.90245383,230.599714,26.5411731,0.002208309,0.000213341,69.07883814,2,2,"shallow","joe_shallow","joe_2","shallow",7.00964329865046,7.12464098073555,50.4386473678788,5.80601267126816,0.907858246626146,0.107718656639539,19.7497839188215,2.55353788617228,14.484479338843,0.5,14.484479338843,FALSE,13.984479338843,13.984479338843,20.9591595092025,7.99592024539877,112.282617586912,0.319059304703476,4.6049186777275,0.306485671191554,0.0408647561588739,0,19.946,21,19.414,6.9952918089188,7.11640552141411,51.4567524826257,0.935970227639034,7.00964329865046,7.12464098073555,50.4386473678788,0.907858246626146,"deployment_matched",NA,NA,NA,NA,NA,NA,NA,NA,NA,NA
"joe_zoop_30","joe",21,100,5,0.150363827915427,0.563864354682853,2.0487071553477,0.545068876193424,0.169159306404856,0,0.263136698851998,0,0.319523134320283,0,0.338318612809712,0.0375909569788569,9.39773924471421,0,0,9.39773924471421,0,1.18061480868224,0.604214217610967,2.52661930897018,10,29,73500,646800,8.8,0.3034482759,29,20.048,"bathymetry",NA,FALSE,9169.11,279,50.623833,-127.483993,0.879333333,3.220625618,62.90245383,230.599714,26.5411731,0.002208309,0.000213341,69.07883814,2,1,"deep","joe_deep","joe_1","deep",6.98094031918715,7.10817006209268,52.4748575973726,6.0836852773644,0.964082208651922,0.117382357469082,20.4068130035408,2.47943680354713,14.680216,0.6,14.680216,FALSE,14.080216,14.080216,21.9835,7.995,114.05,0.27,4.62655750915751,0,0,0,20.048,21,19.487,6.9952918089188,7.11640552141411,51.4567524826257,0.935970227639034,6.98094031918715,7.10817006209268,52.4748575973726,0.964082208651922,"deployment_matched","JOE","JUNE",2023,432,43200,12.67029373,0,0,0,0
"kidney_zoop_31","kidney",2,100,5,5.32851815175296,1.38146766897299,13.4199716414519,0,15.5908494069809,0,0.197352524138998,0.789410096555994,0,0,98.6762620694992,0,0,0,0,0,0,0.664927659033784,0.326996994166379,1.4858774646353,6,6.008,NA,NA,NA,NA,NA,6.008,"sonde",NA,FALSE,9054.38,89,50.6068993,-127.3339996,NA,NA,NA,NA,NA,NA,NA,NA,2,2,"shallow","kidney_shallow",NA,"single",13.8348999816816,5.73823044513647,80.5080417658912,8.15518684740795,1.33784850705257,0.0865039384502656,32.4167091042315,2.45583144017918,NA,0.90830078998902,NA,NA,NA,NA,NA,NA,NA,NA,NA,NA,NA,NA,NA,NA,NA,13.8348999816816,5.73823044513647,80.5080417658912,1.33784850705257,13.8348999816816,5.73823044513647,80.5080417658912,1.33784850705257,"deployment_matched","KID","JUNE",2023,109,10900,3.196902817,0,0,0,0
"kidney_zoop_32","kidney",6,100,5,0.986762620694993,1.64460436782499,2.69715116323298,0,2.36823028966798,0,0,0.789410096555994,0,0,32.8920873564998,0,0,0,0,0,0,0.616144874036025,0.270298255356564,1.37042292599786,5,6.008,NA,NA,NA,NA,NA,6.008,"sonde",NA,FALSE,9054.38,89,50.6068993,-127.3339996,NA,NA,NA,NA,NA,NA,NA,NA,2,1,"deep","kidney_deep",NA,"single",13.8348999816816,5.73823044513647,80.5080417658912,8.15518684740795,1.33784850705257,0.0865039384502656,32.4167091042315,2.45583144017918,NA,0.90830078998902,NA,NA,NA,NA,NA,NA,NA,NA,NA,NA,NA,NA,NA,NA,NA,13.8348999816816,5.73823044513647,80.5080417658912,1.33784850705257,13.8348999816816,5.73823044513647,80.5080417658912,1.33784850705257,"deployment_matched",NA,NA,NA,NA,NA,NA,NA,NA,NA,NA
"lawson_zoop_33","lawson",2,100,5,16.7749645518149,3.35499291036297,2.56558281380698,31.9711089105178,0.197352524138998,0,5.32851815175296,1.77617271725099,NA,0,0.197352524138998,0,0,0,0,10.8543888276449,0,1.45435614109558,0.705019262607004,3.39005186859955,8,8.008,NA,NA,NA,NA,NA,8.008,"sonde",NA,FALSE,34784,182,50.0359993,-125.5749969,0.383,3.061934815,71.45162584,203.8128293,32.56321592,0.00269377,0.000205474,72.02125588,2,2,"shallow","lawson_shallow","lawson_1","shallow",14.3728056928428,7.44071114772103,114.953020318506,11.8033360790774,0.470034779425224,0.0070620538165843,10.5747775947282,3.29595370358896,NA,1.66072727513065,5.989,TRUE,4.32827272486935,4.32827272486935,19.0398133195307,7.725,112.614596273292,0.364144237405107,8.6925,102.85,11.965,10.43,5.989,7,5.463,13.3956433835399,7.36215518734845,111.657067936142,0.444944085700884,14.3728056928428,7.44071114772103,114.953020318506,0.470034779425224,"deployment_matched",NA,NA,NA,NA,NA,NA,NA,NA,NA,NA
"lawson_zoop_34","lawson",7,100,5,2.93209464435084,2.81932177341426,9.13460254586222,5.13116562761396,1.18411514483399,0,6.48444007885281,0.394705048277997,0.112772870936571,0.0563864354682853,0,0.112772870936571,0,0,0,0,0,1.61619284546455,0.766006484292361,4.27362269837186,9,8.008,NA,NA,NA,NA,NA,8.008,"sonde",NA,FALSE,34784,182,50.0359993,-125.5749969,0.383,3.061934815,71.45162584,203.8128293,32.56321592,0.00269377,0.000205474,72.02125588,2,1,"deep","lawson_deep","lawson_2","deep",12.418481074237,7.28359922697588,108.361115553778,11.565756364121,0.419853391976543,0.0558156737305078,10.489868719179,2.84981224244723,NA,1.37736723977265,8.008,TRUE,6.63063276022735,6.63063276022735,19.135244926522,7.74825052484255,112.977431770469,0.419503149055283,7.068,82.35,9.98,9.51,8.008,9,7.503,13.3956433835399,7.36215518734845,111.657067936142,0.444944085700884,12.418481074237,7.28359922697588,108.361115553778,0.419853391976543,"deployment_matched","LAW","JUNE",2023,285,28500,8.358874338,1,10,0.006255590934,0.0007483771955
"littlemud_zoop_35","littlemud",1,100,5,13.8146766897299,0.394705048277997,3.94705048277997,2.36823028966798,2.76293533794598,0,0,0,0,0,0,0,0,0,0,3.94705048277997,1.18411514483399,1.30244409783816,0.630593132154006,2.70704225352113,6,12.2,42900,205920,4.8,0.393442623,12.2,6.972,"bathymetry",NA,FALSE,28110.37,205,50.2061996,-125.5500031,NA,NA,NA,NA,NA,NA,NA,NA,2,2,"shallow","littlemud_shallow","littlemud_2","shallow",16.504844510978,6.89676447105788,111.519311377246,10.7574660678643,0.255795409181637,0.0126616766467066,4.67801596806387,3.87675588614369,0.10009756097561,2.59416816001238,0.10009756097561,FALSE,0,0,17.0919146529563,6.40875064267352,97.7095115681234,0.151658097686375,13.4825,128.95,13.455,0,5.01,7,5.01,15.647016005489,6.97783808130009,114.054657243349,0.303911386182858,16.504844510978,6.89676447105788,111.519311377246,0.255795409181637,"deployment_matched",NA,NA,NA,NA,NA,NA,NA,NA,NA,NA
"littlemud_zoop_36","littlemud",4.5,100,5,4.03476271573064,0.175424465901332,0.350848931802664,6.22756853949729,0.701697863605328,0,0.789410096555994,0.175424465901332,0.087712232950666,0,0,0,0,0,0,0,0,1.20820833773403,0.62160343667512,2.64273013267679,7,12.2,42900,205920,4.8,0.393442623,12.2,6.972,"bathymetry",NA,FALSE,28110.37,205,50.2061996,-125.5500031,NA,NA,NA,NA,NA,NA,NA,NA,2,1,"deep","littlemud_deep","littlemud_1","deep",14.7891875,7.05891169154229,116.590003109453,11.9075684079602,0.35202736318408,0.049384328358209,6.00274486940299,4.14175060345313,NA,2.5932916416589,6.972,TRUE,4.3787083583411,4.3787083583411,18.9621564697609,7.19180731364276,112.496308016878,0.25856188466948,8.8095,113.55,13.18,10.38,6.972,8,6.432,15.647016005489,6.97783808130009,114.054657243349,0.303911386182858,14.7891875,7.05891169154229,116.590003109453,0.35202736318408,"deployment_matched","LML","JUNE",2023,7.7,770,0.2258362541,0,0,0,0
"lowercampbell_zoop_37","lowercampbell",1.75,100,5,0.902182967492565,1.57882019311199,0.902182967492565,1.80436593498513,2.02991167685827,0,0,0,0,0,0.225545741873141,0,0,0,0,112.772870936571,0,0.292007049573938,0.10588155416826,1.11842005347487,6,75.6,26936000,460605600,17.1,0.2261904762,75.6,17.032,"bathymetry",NA,FALSE,NA,NA,NA,NA,0.127948718,2.72650377,94.13584014,195.806739,29.46233034,0.002020718,0,92.16668088,2,2,"shallow","lowercampbell_shallow","lowercampbell_2","shallow",13.8300441568675,7.83421081343193,113.298963510729,11.7660201236514,0.13734573887744,0.0157116014062311,1.08098799854528,10.5744325721568,NA,9.67565222753106,17.007,TRUE,7.33134777246894,7.33134777246894,16.578469054242,7.93,112.216307371349,0.0251077885952712,9.2360500339213,112.860668249661,12.97125,10.94,17.007,18,16.498,13.7891648837322,7.81924461315158,113.292858637963,0.13502062846612,13.8300441568675,7.83421081343193,113.298963510729,0.13734573887744,"deployment_matched",NA,NA,NA,NA,NA,NA,NA,NA,NA,NA
"lowercampbell_zoop_38","lowercampbell",15.5,100,5,0.814874938380381,0.73848041290722,2.47008965696553,2.57194902426308,2.24090608054605,0,0.0509296836487738,0.254648418243869,0,0,0.203718734595095,0,0,0,0,12.7324209121934,0.0254648418243869,1.17811682146237,0.545827087970043,2.20180458480104,9,75.6,26936000,460605600,17.1,0.2261904762,75.6,17.032,"bathymetry",NA,FALSE,NA,NA,NA,NA,0.127948718,2.72650377,94.13584014,195.806739,29.46233034,0.002020718,0,92.16668088,2,1,"deep","lowercampbell_deep","lowercampbell_1","deep",13.748285610597,7.80427841287123,113.286753765197,11.7864737192282,0.132695518054799,0.00201899231839351,1.08328403798464,10.7586878551799,NA,9.05182504998399,17.032,TRUE,7.98017495001601,7.98017495001601,16.4914881862404,7.91,112.25,0.035,8.99842544459644,112.503830369357,13.003840629275,10.96,17.032,18,16.533,13.7891648837322,7.81924461315158,113.292858637963,0.13502062846612,13.748285610597,7.80427841287123,113.286753765197,0.132695518054799,"deployment_matched","LCL","JUNE",2023,948,94800,27.80425569,0,0,0,0
"lowerstella_zoop_39","lowerstella",1.25,100,5,2.21034827035678,1.89458423173439,0.315764038622398,0,0.315764038622398,0,5.68375269520316,0.315764038622398,0,0,0,8.52562904280473,0,0,0,0,0,1.33790764750538,0.683333333333333,3.1578947368421,6,5.05,NA,NA,NA,NA,NA,5.05,"sonde",NA,FALSE,4586.42,130,50.3103981,-125.5429993,0.247333333,3.117708748,55.43433076,164.1476713,27.73069449,0.002946115,0,73.08341549,2,2,"shallow","lowerstella_shallow","lowerstella_2","shallow",17.5253693245991,6.98168172577366,107.869855432573,10.3137395527445,0.277332279195844,0.0324599051276259,5.74978653715835,NA,NA,NA,4.943,TRUE,NA,NA,17.7265376641327,6.99174498963372,108.457049067035,0.3,17.317,107.25,10.295,10.28,4.943,6,4.427,17.5105198139469,6.98583758992152,107.740982702104,0.271968016098031,17.5253693245991,6.98168172577366,107.869855432573,0.277332279195844,"deployment_matched",NA,NA,NA,NA,NA,NA,NA,NA,NA,NA
"lowerstella_zoop_40","lowerstella",4.5,100,5,3.06992815327331,2.19280582376665,0.263136698851998,7.19240310195461,0,0,6.05214407359595,0.701697863605328,0,0,0,1.66653242606265,0,0,0,0,0,1.56053421230881,0.757079302309159,4.11656976744186,6,5.05,NA,NA,NA,NA,NA,5.05,"sonde",NA,FALSE,4586.42,130,50.3103981,-125.5429993,0.247333333,3.117708748,55.43433076,164.1476713,27.73069449,0.002946115,0,73.08341549,2,1,"deep","lowerstella_deep","lowerstella_1","deep",17.4956703032948,6.98999345406939,107.612109971634,10.2924318132228,0.266603753000218,0.0240781147719834,5.77075932795112,NA,NA,NA,5.05,TRUE,NA,NA,17.806,7.005,108.85,0.255,17.2635,106.4,10.225,10.18,5.05,6,4.583,17.5105198139469,6.98583758992152,107.740982702104,0.271968016098031,17.4956703032948,6.98999345406939,107.612109971634,0.266603753000218,"deployment_matched","LST","JUNE",2023,61,6100,1.789092402,1.3,13,0.008132268215,0.004545471326
"mccreight_zoop_41","mccreight",2.5,100,5,5.36798865658076,6.15739875313675,2.84187634760158,0.315764038622398,13.7357356800743,0,0.473646057933596,0,0,0,3.31552240553517,6.47316279175915,5.36798865658076,0,0,78.9410096555994,0,1.24779625856971,0.544936205041779,2.19749409001393,9,55,2720000,85408000,31.4,0.5709090909,55,20.199,"bathymetry",NA,FALSE,6998.18,59,50.3011017,-125.6429977,0.368461538,3.094742063,77.29413817,141.3420579,30.68890788,0.001400479,0,82.85197321,2,2,"shallow","mccreight_shallow","mccreight_1","shallow",13.4606929032706,7.32404034442053,111.019408374418,11.5789792375529,0.396800569404902,0.0299125060759669,5.39955662801194,0.8,NA,0.6,14.957,TRUE,14.357,14.357,15.044,7.46,113.2,0.46,11.4533560065826,108.70309928689,11.8579731212287,11.37,14.957,15,14.401,12.8518851416582,7.30316906786906,110.484372884848,0.382091449972824,13.4606929032706,7.32404034442053,111.019408374418,0.396800569404902,"deployment_matched",NA,NA,NA,NA,NA,NA,NA,NA,NA,NA
"mccreight_zoop_42","mccreight",23.5,100,5,1.32688080059412,3.09045654821921,2.23386261365845,0.386307068527401,0.890185853563142,0,0.167959595011914,0.0671838380047654,0,0,0.537470704038123,0.453490906532167,0.554266663539315,0,0,8.39797975059568,0,1.51951575340359,0.668102236779485,3.01297601495312,10,55,2720000,85408000,31.4,0.5709090909,55,20.199,"bathymetry",NA,FALSE,6998.18,59,50.3011017,-125.6429977,0.368461538,3.094742063,77.29413817,141.3420579,30.68890788,0.001400479,0,82.85197321,2,1,"deep","mccreight_deep","mccreight_2","deep",12.2430773800457,7.28229779131759,109.949337395278,11.8018842345773,0.367382330540746,0.0321142421934501,5.99087154100025,15.6032854488995,NA,14.939324168248,20.199,TRUE,5.25967583175201,5.25967583175201,14.94215625,7.46823588709677,113.138205645161,0.473245967741936,7.93236473903455,105.59474393531,12.5270717961284,11.4,20.199,21,19.695,12.8518851416582,7.30316906786906,110.484372884848,0.382091449972824,12.2430773800457,7.28229779131759,109.949337395278,0.367382330540746,"deployment_matched","MCR","JUNE",2023,3460,346000,101.4796674,0,0,0,0
"mcn_zoop_44","mcn",15.5,100,5,1.24777724939496,2.59741386608746,0.585691361960899,0.840339780204768,0.229183576419482,0,0.713015571082833,2.1390467132485,0.0509296836487738,0,0.0254648418243869,0.152789050946321,0.0763945254731607,0,0,12.7324209121934,0,1.33742212187571,0.592704898507691,2.45522226104868,11,17.4,NA,NA,NA,NA,17.4,16.034,"bathymetry",NA,FALSE,24381.87,190,50.2258987,-125.5770035,2.284545455,2.990127924,56.61475278,224.2684005,20.39243961,0.002041903,0.000335704,55.80830089,1,1,"single","mcn_single","mcn_1","single",9.94943994125367,6.89922317355165,96.374807824511,10.8329573151678,1.1252362352353,0.593698831323041,8.16133522904819,4.99275316873708,NA,4.05611751549648,16.034,TRUE,11.9778824845035,11.9778824845035,20.5515041505257,7.31849197565025,112.357332595462,0.132324294410625,4.74477268460576,61.3808197747184,7.88828222778473,3.71,16.034,33,16.001,9.94943994125367,6.89922317355165,96.374807824511,1.1252362352353,9.94943994125367,6.89922317355165,96.374807824511,1.1252362352353,"deployment_matched","MCN","JUNE",2023,172,17200,5.044653987,0,0,0,0
"merrill_zoop_45","merrill",1.5,100,5,6.05214407359595,9.99919455637592,22.3666194024198,0,10.2623312552279,0,0,0.526273397703996,0,0,10.5254679540799,0,1.31568349425999,0,0,131.568349425999,0,0.881131060290741,0.390545831551639,1.6408124708474,7,29,656200,7283820,11.1,0.3827586207,29,16.085,"bathymetry",NA,FALSE,40772.38,257,50.0614014,-125.5630035,0.478064516,2.379242997,83.55731305,274.0067514,27.13741694,0.002537602,0,66.5396307,2,2,"shallow","merrill_shallow","merrill_1","shallow",14.5122104229139,7.56758659911074,112.650423947885,11.5781077448041,0.439843863095854,0.0298511012304829,2.38441216006618,6.41875716781482,NA,5.47025980110903,10.109,TRUE,4.63874019889097,4.63874019889097,17.7842112914131,7.57439148073022,110.71768086545,0.206768086544963,9.0905632183908,114.32724137931,13.1855402298851,10.52,10.109,11,9.671,13.2646027290738,7.47046194145159,109.640320878491,0.516010176262853,14.5122104229139,7.56758659911074,112.650423947885,0.439843863095854,"deployment_matched",NA,NA,NA,NA,NA,NA,NA,NA,NA,NA
"merrill_zoop_46","merrill",12.75,100,5,0.712016949834818,4.95316139015526,2.41466617770069,0.433401621638585,1.45499115835811,0,0.371487104261644,0.433401621638585,0,0,0.123829034753881,0.123829034753881,0,0,0,0.742974208523288,0,1.55089971099027,0.676746633919565,3.09354860592904,9,29,656200,7283820,11.1,0.3827586207,29,16.085,"bathymetry",NA,FALSE,40772.38,257,50.0614014,-125.5630035,0.478064516,2.379242997,83.55731305,274.0067514,27.13741694,0.002537602,0,66.5396307,2,1,"deep","merrill_deep","merrill_2","deep",12.0169950352338,7.37333728379244,106.630217809097,11.5339035874439,0.592176489429853,0.047706598334401,2.98388853299167,6.42317828687865,NA,5.47761257252264,16.085,TRUE,10.6073874274774,10.6073874274774,17.6704317567568,7.59329054054054,110.834189189189,0.206581081081081,7.60510240368785,87.9967731313796,10.5196559104379,9.55,16.085,17,15.61,13.2646027290738,7.47046194145159,109.640320878491,0.516010176262853,12.0169950352338,7.37333728379244,106.630217809097,0.592176489429853,"deployment_matched","MER","JUNE",2023,2054,205400,60.242554,0.8,8,0.005004472748,8.30720548e-05
"mohun_zoop_47","mohun",2.25,100,5,4.3856116475333,1.05254679540799,2.28051805671732,0,36.6637133733784,0,0.175424465901332,0,0,0,0,0.350848931802664,0,0,0,0,1.57882019311199,0.652716283325452,0.300390526581003,1.4293688664806,6,43,6209000,86926000,14,0.3255813953,43,19.96,"bathymetry",NA,FALSE,12662.37,205,50.1171989,-125.4990005,0.463333333,2.953088115,89.74006305,238.9165651,28.82751701,0.002335559,1.03271520231026e-05,78.06255981,2,2,"shallow","mohun_shallow","mohun_2","shallow",15.8466029489553,7.32722890769638,114.724986775985,11.4386418936789,0.346746231155779,0.0191034117958212,3.47603081195451,6.48035111884002,NA,5.419900618779,7.991,TRUE,2.571099381221,2.571099381221,18.6272242990654,7.29400534045394,111.430106809079,0.186008010680908,9.9145,123.1,13.93,10.41,7.991,9,7.562,12.9412249632558,7.18589605212255,112.05381252928,0.463092441755282,15.8466029489553,7.32722890769638,114.724986775985,0.346746231155779,"deployment_matched",NA,NA,NA,NA,NA,NA,NA,NA,NA,NA
"mohun_zoop_48","mohun",17.25,100,5,1.64746454933425,0.114407260370434,0.228814520740868,0.320340329037215,1.23559841200069,0,0.480510493555822,0.846613726741211,0,0,0,0,0,0,0,0,NA,1.54050634741401,0.754155645611396,4.067614253282,6,43,6209000,86926000,14,0.3255813953,43,19.96,"bathymetry",NA,FALSE,12662.37,205,50.1171989,-125.4990005,0.463333333,2.953088115,89.74006305,238.9165651,28.82751701,0.002335559,1.03271520231026e-05,78.06255981,2,1,"deep","mohun_deep","mohun_1","deep",10.0358469775564,7.04456319654872,109.382638282574,12.4441528426891,0.579438652354784,0.0723344974577577,4.99801576703816,6.57736964586329,NA,5.47407375617508,19.96,TRUE,14.4859262438249,14.4859262438249,18.8209505263158,7.28,111.879157894737,0.194063157894737,5.79373387304035,101.589976869699,12.7126946800308,10.39,19.96,21,19.471,12.9412249632558,7.18589605212255,112.05381252928,0.463092441755282,10.0358469775564,7.04456319654872,109.382638282574,0.579438652354784,"deployment_matched","MOH","JUNE",2023,237,23700,6.951063923,0,0,0,0
"msk_zoop_49","msk",2,100,10,4.93381310347496,0,2.76293533794598,0,0,0,17.8604034345794,1.28279140690349,0.0986762620694992,0,1.08543888276449,0,0,0,0,0,NA,0.872324700033063,0.45751953125,1.84338433843384,5,1.759,NA,NA,NA,NA,NA,1.759,"sonde",NA,FALSE,27667.51,186,50.1988983,-125.5770035,2.138333333,3.062125634,67.12383834,220.4464542,28.32523729,0.002027806,0.000307569,70.48890038,1,1,"single","msk_single","msk_1","single",23.6257851654846,7.15563829787234,115.927511820331,9.82187943262411,4.5944414893617,12.3851566193853,3.1441341607565,0.2,NA,0.1,1.759,TRUE,1.659,1.659,23.6257851654846,7.15563829787234,115.927511820331,4.5944414893617,23.441,115.4,9.81,9.63,1.759,6,1.692,23.6257851654846,7.15563829787234,115.927511820331,4.5944414893617,23.6257851654846,7.15563829787234,115.927511820331,4.5944414893617,"deployment_matched","MSK","JUNE",2023,1.4,140,0.0410611371,0,0,0,0
"muchalata_zoop_50","muchalata",3.5,100,5,0.225545741873141,0.225545741873141,1.12772870936571,0.225545741873141,4.73646057933596,0,0.112772870936571,0,0,0,0,0.112772870936571,0,0,0,2.25545741873141,0,1.09055734887306,0.555510204081633,2.24977043158861,7,63,6420000,243960000,38,0.6031746032,63,19.985,"bathymetry",NA,FALSE,31370.64,201,49.8744011,-126.1959991,NA,NA,NA,NA,NA,NA,NA,NA,2,2,"shallow","muchalata_shallow","muchalata_2","shallow",11.4940929348942,7.00040357362908,104.844870609982,11.5313383138221,0.39346246662559,0.0390947833230643,7.19946523926884,10.3874255888071,NA,9.26418984127914,19.961,TRUE,10.6968101587209,10.6968101587209,20.8682675862069,7.4949724137931,112.316620689655,0.108337931034483,5.19554072570414,95.823991372748,12.1761367673179,10.03,19.961,21,19.476,11.4706990766549,6.8746775127325,104.890843150538,0.3956911349874,11.4940929348942,7.00040357362908,104.844870609982,0.39346246662559,"deployment_matched",NA,NA,NA,NA,NA,NA,NA,NA,NA,NA
"muchalata_zoop_51","muchalata",26.5,200,10,0.044683590371094,0.268101542226564,2.29375763904949,0.208523421731772,2.91932790424481,0,0.253207012102866,0.268101542226564,0,0,0,0,0,0,0,0,0,0.970822914710207,0.440923737916219,1.78866474543708,6,63,6420000,243960000,38,0.6031746032,63,19.985,"bathymetry",NA,FALSE,31370.64,201,49.8744011,-126.1959991,NA,NA,NA,NA,NA,NA,NA,NA,2,1,"deep","muchalata_deep","muchalata_1","deep",11.4473052184155,6.74895145183592,104.936815691094,11.5536790085523,0.397919803349209,0.0380135197418958,7.20630588416039,9.06886055912642,NA,7.1774255017362,19.985,TRUE,12.8075744982638,12.8075744982638,20.934625590817,7.35764348413234,112.4,0.0963875759621877,5.25355194472876,96.4175665301945,12.2380258444217,10.03,19.985,21,19.527,11.4706990766549,6.8746775127325,104.890843150538,0.3956911349874,11.4473052184155,6.74895145183592,104.936815691094,0.397919803349209,"deployment_matched",NA,NA,NA,NA,NA,NA,NA,NA,NA,NA
"mud_zoop_53","mud",16,100,5,0.468712244830121,1.38146766897299,1.89951804483786,0.370035982760622,0.518050375864871,0,0.0740071965521244,0.271359720691123,0,0,1.72683458621624,0,0,0,0,0.740071965521244,0,1.79377581218592,0.800632098765432,5.01585257108887,8,22.5,387300,2866020,7.4,0.3288888889,22.5,16.944,"bathymetry",NA,FALSE,28820.47,206,50.1969986,-125.5550003,0.420555556,3.545303857,52.24241892,231.0834505,18.84916513,0.003440606,7.66881289277622e-05,49.80062979,1,1,"single","mud_single",NA,"deep",10.1304404761905,6.65202563634149,107.728574473268,12.2117373036171,0.487126111314091,0.0564842893679211,5.30185421994885,4.49906378644247,NA,3.37714844961394,NA,NA,NA,NA,NA,NA,NA,NA,NA,NA,NA,NA,NA,NA,NA,10.6128167217144,6.81394736144158,109.527308521748,0.450774472218065,10.1304404761905,6.65202563634149,107.728574473268,0.487126111314091,"deployment_matched","MUD","JUNE",2023,1920,192000,56.31241659,0,0,0,0
"nimpkish_zoop_54","nimpkish",2,50,5,0.0986762620694992,0.0986762620694992,0.394705048277997,0,0.0986762620694992,0,0,0,0,0,0,0,0,0.394705048277997,0.0986762620694992,0,0,1.38629436111989,0.6875,3.2,5,320,36530000,4456660000,122,0.38125,320,19.992,"bathymetry",NA,FALSE,10534.84,25,50.4104004,-126.9749985,NA,NA,NA,NA,NA,NA,NA,NA,2,2,"shallow","nimpkish_shallow","nimpkish_2","shallow",12.3377103025305,7.46249755192496,112.306316033603,12.0155599649539,0.179607019533062,0.0143477812709375,5.35403391228161,17.5344775949735,NA,17.5344775949735,19.99,TRUE,2.4555224050265,2.4555224050265,13.8645,7.61,114.35,0.13,10.2776812515899,110.212032561689,12.3630806410583,11.81,19.99,21,19.403,12.2441005097306,7.3404662723624,112.067796208532,0.181948515938101,12.3377103025305,7.46249755192496,112.306316033603,0.179607019533062,"deployment_matched",NA,NA,NA,NA,NA,NA,NA,NA,NA,NA
"nimpkish_zoop_55","nimpkish",24.5,50,10,0.0724968456020811,0,0.0281932177341426,0.0161104101337958,0.0120828076003468,0,0.0080552050668979,0.0161104101337958,0,0,0,0.00402760253344895,0,0.0080552050668979,0,0,0,1.49149369757692,0.676470588235294,3.09090909090909,7,320,36530000,4456660000,122,0.38125,320,19.992,"bathymetry",NA,FALSE,10534.84,25,50.4104004,-126.9749985,NA,NA,NA,NA,NA,NA,NA,NA,2,1,"deep","nimpkish_deep","nimpkish_1","deep",12.1504907169307,7.21843499279984,111.82927638346,12.0162250565727,0.184290012343139,0.0112965439210039,5.42975030857848,17.1996131623983,NA,17.1996131623983,19.992,TRUE,2.79238683760173,2.79238683760173,13.6645,7.36,113.8,0.16,9.82536058187436,109.387036560247,12.3995816168898,11.81,19.992,21,19.444,12.2441005097306,7.3404662723624,112.067796208532,0.181948515938101,12.1504907169307,7.21843499279984,111.82927638346,0.184290012343139,"deployment_matched","NIM","JUNE",2023,111,11100,3.255561584,0,0,0,0
"ormand_zoop_57","ormand",13.5,100,5,0.701697863605328,1.69576983704621,0.526273397703996,1.22797126130932,0,0,0.087712232950666,1.25720867229288,0,0,0.87712232950666,0,0,0,0,14.6187054917777,0,1.06089673074379,0.472526530612245,1.89582994792271,7,19,80000,NA,NA,NA,19,16.101,"bathymetry",NA,FALSE,38501.67,227,50.1803017,-125.526001,0.453611111,2.682991571,56.40614559,267.9704105,21.43753602,0.002425299,5.05321215429086e-05,53.3576794,1,1,"single","ormand_single",NA,"deep",8.74649643865503,6.34825397843942,101.70951937885,11.8370444045175,0.507654324948665,0.0652592402464066,13.5238253978439,3.33886583074338,NA,0.5,NA,NA,NA,NA,NA,NA,NA,NA,NA,NA,NA,NA,NA,NA,NA,9.02309308421037,6.3905440552474,102.623509689425,0.500075165669221,8.74649643865503,6.34825397843942,101.70951937885,0.507654324948665,"deployment_matched","ORM","JUNE",2023,1068,106800,31.32378173,0,0,0,0
"pachena_zoop_58","pachena",2,200,10,0.986762620694992,0.592057572416995,17.3670221242319,0.197352524138998,0,0,0,0,0,0,0.394705048277997,0,0,0,0,0.197352524138998,0,1.42412991734677,0.722222222222222,3.6,5,26.2,586800,6278760,10.7,0.4083969466,26.2,19,"bathymetry",NA,FALSE,10357.9,86,48.8375015,-125.0289993,NA,NA,NA,NA,NA,NA,NA,NA,2,2,"shallow","pachena_shallow",NA,"single",9.76183783783784,6.74202702702703,105.537837837838,11.9822972972973,0.769189189189189,0.105540540540541,6.36148648648649,3.54413952353447,NA,2.16461708854853,NA,NA,NA,NA,NA,NA,NA,NA,NA,NA,NA,NA,NA,NA,NA,9.76183783783784,6.74202702702703,105.537837837838,0.769189189189189,9.76183783783784,6.74202702702703,105.537837837838,0.769189189189189,"deployment_matched",NA,NA,NA,NA,NA,NA,NA,NA,NA,NA
"pachena_zoop_59","pachena",15,200,10,0.473646057933596,2.42085762943838,2.18403460047158,0.736782756785594,0,0,0,0.605214407359595,0,0,0.0789410096555994,0,0.0526273397703996,0,0,1.07886046529319,0,1.51441966310151,0.724731032229457,3.63281051292921,7,26.2,586800,6278760,10.7,0.4083969466,26.2,19,"bathymetry",NA,FALSE,10357.9,86,48.8375015,-125.0289993,NA,NA,NA,NA,NA,NA,NA,NA,2,1,"deep","pachena_deep",NA,"single",9.76183783783784,6.74202702702703,105.537837837838,11.9822972972973,0.769189189189189,0.105540540540541,6.36148648648649,3.54413952353447,NA,2.16461708854853,NA,NA,NA,NA,NA,NA,NA,NA,NA,NA,NA,NA,NA,NA,NA,9.76183783783784,6.74202702702703,105.537837837838,0.769189189189189,9.76183783783784,6.74202702702703,105.537837837838,0.769189189189189,"deployment_matched","PCH","JUNE",2023,1304,130400,38.24551627,1.8,18,0.01126006368,0.0002944152617
"roberts_zoop_60","roberts",1.75,100,5,1.57882019311199,1.80436593498513,4.51091483746282,0.676637225619423,0.676637225619423,0,0,1.35327445123885,0,0,4.51091483746282,0,0.676637225619423,0,0,112.772870936571,0,0.458802522822184,0.171649586776859,1.20721856841836,8,53,1613000,40325000,25,0.4716981132,53,20.075,"bathymetry",NA,FALSE,25371.36,150,50.2219009,-125.5419998,0.577826087,3.19847841,81.90254558,184.9437712,24.76743041,0.001931564,0.000631272,59.88703101,2,2,"shallow","roberts_shallow","roberts_1","shallow",10.7923256908905,7.36804733879222,110.084066018424,12.2897661207779,0.619885875127943,0.0803994370522006,4.22751023541453,9.21985191657244,NA,7.6751878492934,19.971,TRUE,12.2958121507066,12.2958121507066,15.8498310940499,7.51757837492003,111.5613243762,0.173144593730006,6.20007629288274,105.765360983103,13.1013722478239,11.02,19.971,21,19.54,10.8656922263611,7.3785092155716,110.239280387058,0.620183919912398,10.7923256908905,7.36804733879222,110.084066018424,0.619885875127943,"deployment_matched",NA,NA,NA,NA,NA,NA,NA,NA,NA,NA
"roberts_zoop_61","roberts",25.75,100,5,0.42919383890423,0.214596919452115,0.797074272250712,1.01167119170283,0.643790758356345,0,0.183940216673241,0.597805704188034,0,0,0.0766417569471839,0.0153283513894368,0.613134055577471,0,0,0.306567027788736,0,2.02184542605761,0.848630223456634,6.60633861551293,10,53,1613000,40325000,25,0.4716981132,53,20.075,"bathymetry",NA,FALSE,25371.36,150,50.2219009,-125.5419998,0.577826087,3.19847841,81.90254558,184.9437712,24.76743041,0.001931564,0.000631272,59.88703101,2,1,"deep","roberts_deep","roberts_2","deep",10.9390587618317,7.38897109235099,110.394494755692,12.2816242005628,0.620481964696854,0.0815282680992581,4.24631875159887,9.45512558933241,NA,7.69848343374324,20.075,TRUE,12.3765165662568,12.3765165662568,15.8613605442177,7.53459183673469,111.898299319728,0.183197278911565,6.28273879266429,106.61707845135,13.1768644931228,11.02,20.075,22,19.545,10.8656922263611,7.3785092155716,110.239280387058,0.620183919912398,10.9390587618317,7.38897109235099,110.394494755692,0.620481964696854,"deployment_matched","ROB","JUNE",2023,2234,223400,65.52184306,0,0,0,0
"roselle_zoop_62","roselle",3.75,100,5,3.78916846346877,0.105254679540799,5.05222461795836,0,0.631528077244795,0,0.631528077244795,0.210509359081598,0,0,0,0,0,0,0,0,0,0.953510146914982,0.472126105344098,1.89439184268026,5,6,157700,331170,2.1,0.35,6,4.977,"bathymetry",NA,FALSE,6463.52,101,50.5206985,-126.9889984,NA,NA,NA,NA,NA,NA,NA,NA,2,1,"deep","roselle_deep","roselle_1","deep",16.5417970965564,6.51081363943282,100.175737114562,9.69893765473779,1.73237902318253,0.119202115687598,17.6631307674994,3.51542727546707,NA,0.886329365446899,4.977,TRUE,4.0906706345531,4.0906706345531,19.526,6.85,113,0.695,12.068,74.35,7.91,5.67,4.977,6,4.443,17.8768779212155,6.59032431146558,105.932794299855,1.32561195383549,16.5417970965564,6.51081363943282,100.175737114562,1.73237902318253,"deployment_matched","ROS","JUNE",2023,309,30900,9.062779546,1.9,19,0.01188562278,0.001311476542
"roselle_zoop_63","roselle",1.75,100,5,26.3888517991575,0.676637225619423,19.8480252848364,0,6.99191799806738,0,16.013747672993,1.57882019311199,0,0,0,0.225545741873141,112.772870936571,0,0,0,0,0.989620586059152,0.493807468568212,1.97553290083411,7,6,157700,331170,2.1,0.35,6,4.977,"bathymetry",NA,FALSE,6463.52,101,50.5206985,-126.9889984,NA,NA,NA,NA,NA,NA,NA,NA,2,2,"shallow","roselle_shallow","roselle_2","shallow",19.2119587458746,6.66983498349835,111.689851485148,10.3109240924092,0.918844884488449,0.0266707920792079,14.9306394389439,3.51542727546707,NA,0.886329365446899,2.934,TRUE,NA,NA,19.9205472222222,6.72780555555556,113.80125,0.695972222222222,16.696,104.1,10.12,10.12,2.934,4,2.424,17.8768779212155,6.59032431146558,105.932794299855,1.32561195383549,19.2119587458746,6.66983498349835,111.689851485148,0.918844884488449,"deployment_matched",NA,NA,NA,NA,NA,NA,NA,NA,NA,NA
"stella_zoop_64","stella",1.5,100,5,0.263136698851998,4.21018718163197,0.526273397703996,0,0,0,0,1.84195689196399,0,0,0,0,0,0,0,0,NA,0.762104222046958,0.46875,1.88235294117647,3,42.5,4229700,79095390,18.7,0.44,42.5,20.134,"bathymetry",NA,FALSE,6726.17,130,50.2845001,-125.5210037,0.620487805,3,70.72679743,194.9597269,29.96022,0.001134429,0,65.45590287,2,2,"shallow","stella_shallow","stella_2","shallow",11.2102928553632,6.80198579793198,107.774663635231,11.8937149620032,0.715517316556621,0.0853541173539305,6.65713591628255,7.44101088081505,0.00352177942539388,5.90993535806298,0.00352177942539388,FALSE,0,0,16.2276793259557,7.06542253521127,110.367404426559,0.192467303822938,6.29603990450205,95.0120907230559,11.7353649386085,0,16.054,19,16.054,10.5505201244004,6.54323569258758,105.4109608169,0.692467592143178,11.2102928553632,6.80198579793198,107.774663635231,0.715517316556621,"deployment_matched",NA,NA,NA,NA,NA,NA,NA,NA,NA,NA
"stella_zoop_65","stella",17.25,100,5,0.457629041481736,2.26526375533459,0.503391945629909,0.0457629041481736,0.0686443562222603,0,0.0915258082963471,0.160170164518607,0,0,0,0,0,0,0,0,0,0.915051146220687,0.43599451303155,1.77303239614749,6,42.5,4229700,79095390,18.7,0.44,42.5,20.134,"bathymetry",NA,FALSE,6726.17,130,50.2845001,-125.5210037,0.620487805,3,70.72679743,194.9597269,29.96022,0.001134429,0,65.45590287,2,1,"deep","stella_deep","stella_1","deep",9.8907473934376,6.28448558724318,103.047257998569,11.6953526525606,0.669417867729735,0.0914719411223551,6.96658821424921,7.29048223262684,NA,5.72669607364421,20.134,TRUE,14.4073039263558,14.4073039263558,16.223698699422,6.88277456647399,110.665968208092,0.187015895953757,6.11146563407551,86.8664811229429,10.7767679090029,9.62,20.134,21,19.566,10.5505201244004,6.54323569258758,105.4109608169,0.692467592143178,9.8907473934376,6.28448558724318,103.047257998569,0.669417867729735,"deployment_matched","STE","JUNE",2023,2087,208700,61.21042366,0,0,0,0
"sugsaw_zoop_66","sugsaw",16.5,100,5,0.239215180774544,1.21999742195017,2.36823028966798,0.287058216929452,0.454508843471633,0,0.0956860723098174,0.0239215180774544,0,0,0,0,0,0,0,0,0,1.32875885432834,0.657455627590604,2.91932981694074,6,31,562000,6069600,10.8,0.3483870968,31,19.539,"bathymetry",NA,FALSE,4449.93,42,48.8492012,-125.0859985,1.277,1.595366541,68.10854712,83.42045644,27.06109472,0.0001737,0,154.4838488,2,1,"deep","sugsaw_deep",NA,"single",9.97157231709889,6.59427182163188,98.9058770820156,11.1578096668775,0.988426892262282,0.133519397006114,15.7923141998735,11.1100344049015,14.9094594594595,10.862088899877,NA,NA,NA,NA,NA,NA,NA,NA,NA,NA,NA,NA,NA,NA,NA,9.97157231709889,6.59427182163188,98.9058770820156,0.988426892262282,9.97157231709889,6.59427182163188,98.9058770820156,0.988426892262282,"deployment_matched","SUG","JUNE",2023,443,44300,12.99291695,0.35,3.5,0.002189456827,0.0001685115694
"sugsaw_zoop_67","sugsaw",2,100,5,1.77617271725099,1.57882019311199,4.93381310347496,0,0.394705048277997,0,1.18411514483399,0,0,0,0,0.394705048277997,0,0,0,0,0,1.44644060426089,0.740740740740741,3.85714285714286,5,31,562000,6069600,10.8,0.3483870968,31,19.539,"bathymetry",NA,FALSE,4449.93,42,48.8492012,-125.0859985,1.277,1.595366541,68.10854712,83.42045644,27.06109472,0.0001737,0,154.4838488,2,2,"shallow","sugsaw_shallow",NA,"single",9.97157231709889,6.59427182163188,98.9058770820156,11.1578096668775,0.988426892262282,0.133519397006114,15.7923141998735,11.1100344049015,14.9094594594595,10.862088899877,NA,NA,NA,NA,NA,NA,NA,NA,NA,NA,NA,NA,NA,NA,NA,9.97157231709889,6.59427182163188,98.9058770820156,0.988426892262282,9.97157231709889,6.59427182163188,98.9058770820156,0.988426892262282,"deployment_matched",NA,NA,NA,NA,NA,NA,NA,NA,NA,NA
"theimer_zoop_68","theimer",1,100,5,18.9458423173439,3.55234543450197,16.1829069793979,0,2.76293533794598,0.394705048277997,0,0.789410096555994,0,0,0,0,0,0,1.18411514483399,0,0,1.04997849933341,0.500408163265306,2.0016339869281,6,25,518000,2849000,5.5,0.22,25,14.888,"bathymetry",NA,FALSE,5752.95,96,50.5105019,-126.9789963,NA,NA,NA,NA,NA,NA,NA,NA,2,2,"shallow","theimer_shallow","theimer_1","shallow",18.2749415992812,8.76641060197664,121.710489667565,11.4556424079066,0.299092542677448,0.00442834681042228,1.9167486522911,4.45,NA,4.45,5.009,TRUE,0.559,0.559,18.7953876163207,8.7607659269864,121.98829634932,0.253468146027201,17.6245,122.65,11.7,11.32,5.009,6,4.452,15.3572544651729,8.56156213132376,118.153621457159,0.511731492534641,18.2749415992812,8.76641060197664,121.710489667565,0.299092542677448,"deployment_matched",NA,NA,NA,NA,NA,NA,NA,NA,NA,NA
"theimer_zoop_69","theimer",9,100,4,9.75798591576159,3.94705048277997,3.23438859005581,0.986762620694992,1.97352524138998,0,0,0,0,0,0,0,0,0,0,0,0,1.07455794499932,0.583535318559557,2.40116399916857,4,25,518000,2849000,5.5,0.22,25,14.888,"bathymetry",NA,FALSE,5752.95,96,50.5105019,-126.9789963,NA,NA,NA,NA,NA,NA,NA,NA,2,1,"deep","theimer_deep","theimer_2","deep",12.4395673310647,8.35671366067088,114.596753246753,12.2363747482464,0.724370442391833,0.0839811792485589,4.36251302173762,6.87986778276935,NA,3.28764994933452,14.888,TRUE,11.6003500506655,11.6003500506655,19.1134208053691,8.74195302013423,122.089060402685,0.213906040268456,6.38765839416058,87.7907299270073,10.8118722627737,9.7,14.888,16,14.399,15.3572544651729,8.56156213132376,118.153621457159,0.511731492534641,12.4395673310647,8.35671366067088,114.596753246753,0.724370442391833,"deployment_matched","THE","JUNE",2023,192,19200,5.631241659,0,0,0,0
"tsiko_zoop_70","tsiko",1.5,100,5,0.263136698851998,3.42077708507597,0,1.05254679540799,0.263136698851998,0,1.31568349425999,0.789410096555994,0,0.263136698851998,9.20978445981993,0.526273397703996,0,0,0,0,0,1.46583308477404,0.656568047337278,2.9117849758787,9,37,315900,6570720,20.8,0.5621621622,37,19.966,"bathymetry",NA,FALSE,24893.46,206,50.2430992,-126.8669968,NA,NA,NA,NA,NA,NA,NA,NA,2,2,"shallow","tsiko_shallow","tsiko_1","shallow",11.0813674513029,8.18731561905741,110.858480238475,12.2221735108187,0.23783522639667,0.0293585855990132,1.65375597471347,5.54926546000716,NA,4.01975245408869,19.917,TRUE,15.8972475459113,15.8972475459113,19.8214462809917,8.52845041322314,114.8,0.0465495867768595,5.16200476435746,85.9216070048931,10.922107906258,10.43,19.917,21,19.457,11.0854899257129,8.21055355322877,111.761810289284,0.222758270850455,11.0813674513029,8.18731561905741,110.858480238475,0.23783522639667,"deployment_matched",NA,NA,NA,NA,NA,NA,NA,NA,NA,NA
"tsiko_zoop_71","tsiko",26.5,200,3,0,5.9578120494792,0.09929686749132,6.40464795319014,0,0,0.09929686749132,0,0,0,0,0,0,0,0,0,0,0.733416669579509,0.507230043967556,2.02934449991947,3,37,315900,6570720,20.8,0.5621621622,37,19.966,"bathymetry",NA,FALSE,24893.46,206,50.2430992,-126.8669968,NA,NA,NA,NA,NA,NA,NA,NA,2,1,"deep","tsiko_deep","tsiko_2","deep",11.0896124001229,8.23379148740012,112.665140340094,12.4472354538005,0.207681315304241,0.032931007990166,1.64043459332104,5.63696338809638,NA,3.62032815989242,19.966,TRUE,16.3456718401076,16.3456718401076,19.9629300722259,8.54595535128037,115.120223243598,0.0389330269205515,5.30447410461221,92.6270935325947,11.7257356351456,10.41,19.966,21,19.524,11.0854899257129,8.21055355322877,111.761810289284,0.222758270850455,11.0896124001229,8.23379148740012,112.665140340094,0.207681315304241,"deployment_matched","TSI","JUNE",2023,349,34900,10.23595489,0,0,0,0
"uppercampbell_zoop_72","uppercampbell",1.75,100,5,0.225545741873141,1.57882019311199,1.57882019311199,1.35327445123885,51.4244291470762,0,0.902182967492565,0,0,0,0,0,0,0,0,0,0.676637225619423,0.412618576903053,0.159771616586829,1.1901526058163,6,39.6,6319100,77093020,12.2,0.3080808081,39.6,19.947,"bathymetry",NA,FALSE,33103.75,223,49.9147987,-125.6449966,0.105555556,3.415123628,100,254.6519497,30.15894703,0.004540334,0,62.65334312,2,2,"shallow","uppercampbell_shallow","uppercampbell_1","shallow",14.34598919769,7.66565613076209,113.747532742085,11.6773814066206,0.116989790656904,0.00439362689491595,1.14460039187378,13.6960051556826,NA,13.3973028641047,19.932,TRUE,6.53469713589531,6.53469713589531,17.116,7.825,112.6,0.015,10.3620539486922,115.032620724346,12.8761242454728,10.84,19.932,21,19.394,14.3462410327692,7.73920449310341,113.837214094439,0.112013423417759,14.34598919769,7.66565613076209,113.747532742085,0.116989790656904,"deployment_matched",NA,NA,NA,NA,NA,NA,NA,NA,NA,NA
"uppercampbell_zoop_73","uppercampbell",26.5,100,5,0.14894530123698,0.506414024205732,0.268101542226564,0.774515566432296,0.44683590371094,0,0.104261710865886,0.342574192845054,0,0,0,0.059578120494792,0,0,0,0,0,1.68951369625116,0.786953125,4.6938027136047,7,39.6,6319100,77093020,12.2,0.3080808081,39.6,19.947,"bathymetry",NA,FALSE,33103.75,223,49.9147987,-125.6449966,0.105555556,3.415123628,100,254.6519497,30.15894703,0.004540334,0,62.65334312,2,1,"deep","uppercampbell_deep","uppercampbell_2","deep",14.3464928678485,7.81275285544473,113.926895446793,11.6948211793891,0.107037056178614,-0.0044250348855238,1.15287792650783,13.4581346512509,NA,13.4581346512509,19.947,TRUE,6.48886534874908,6.48886534874908,17.1134854545455,7.92849090909091,112.830181818182,0.0165090909090909,10.3053051308629,115.026302150816,12.8928103135527,10.87,19.947,21,19.349,14.3462410327692,7.73920449310341,113.837214094439,0.112013423417759,14.3464928678485,7.81275285544473,113.926895446793,0.107037056178614,"deployment_matched",NA,NA,NA,NA,NA,NA,NA,NA,NA,NA
"vernon_zoop_74","vernon",2.5,100,5,0,1.73670221242319,0,0.315764038622398,0,0,0.315764038622398,0,0,0,0,0.157882019311199,0,0,0,0,0,0.950748927050915,0.4921875,1.96923076923077,4,114,7798600,485072920,62.2,0.5456140351,114,20.003,"bathymetry",NA,FALSE,91605.18,207,50.0298996,-126.4349976,NA,NA,NA,NA,NA,NA,NA,NA,2,2,"shallow","vernon_shallow","vernon_1","shallow",14.8425735256245,7.291816894154,112.797476178213,11.452241050734,0.150232552150399,0.00069224826165336,1.92677671903168,17.4970289729995,NA,16.7035343974315,19.915,TRUE,3.21146560256848,3.21146560256848,19.077019493844,7.53898084815321,114.627667578659,0.0447571819425445,9.71676667538582,109.363981166623,12.4370311273869,10.57,19.915,21,19.415,14.9480352686357,7.31072339905902,112.879625400099,0.156304848817333,14.8425735256245,7.291816894154,112.797476178213,0.150232552150399,"deployment_matched",NA,NA,NA,NA,NA,NA,NA,NA,NA,NA
"vernon_zoop_75","vernon",27.75,100,5,0,0.79652189922767,0.184906869463566,0.355590133583781,0.0284472106867025,0,0,0.34136652824043,0,0,0,0,0,0,0,0,0,1.08823839901944,0.620840248056599,2.63741073485372,4,114,7798600,485072920,62.2,0.5456140351,114,20.003,"bathymetry",NA,FALSE,91605.18,207,50.0298996,-126.4349976,NA,NA,NA,NA,NA,NA,NA,NA,2,1,"deep","vernon_deep","vernon_2","deep",15.0534970116469,7.32962990396404,112.961774621986,11.4160477114834,0.162377145484266,-0.00427921945239068,1.90964293011851,16.9145662586902,NA,15.7611218177022,20.003,TRUE,4.2418781822978,4.2418781822978,19.1271602192134,7.45818504190845,115.218149580916,0.0718149580915538,9.7554219910847,108.878652798415,12.369995047053,10.66,20.003,21,19.576,14.9480352686357,7.31072339905902,112.879625400099,0.156304848817333,15.0534970116469,7.32962990396404,112.961774621986,0.162377145484266,"deployment_matched","VER","JUNE",2023,387,38700,11.35047147,0,0,0,0
"woss_zoop_76","woss",2.5,50,5,0.0789410096555994,0.236823028966798,2.13140726070118,0.157882019311199,0.394705048277997,0.0789410096555994,0.157882019311199,0.157882019311199,0,0,0,0,0,0,0,0,0,1.80371937776887,0.8125,5.33333333333333,7,155,13660000,887900000,65,0.4193548387,155,20.119,"bathymetry",NA,FALSE,69604.05,147,50.1203995,-126.612999,NA,NA,NA,NA,NA,NA,NA,NA,2,2,"shallow","woss_shallow","woss_1","shallow",14.0964476638428,7.42122810664726,116.17236370251,11.9509965698249,0.915054051244738,0.0712956707031859,2.38786939348267,3.33147639556789,NA,2.74074335777643,19.756,TRUE,17.0152566422236,17.0152566422236,16.7373314366999,7.70950924608819,119.95,0.134566145092461,12.1320584137192,112.309606109325,12.0688906752412,11.61,19.756,21,19.241,14.057191999386,7.50993067245371,116.149546422917,1.0196009789686,14.0964476638428,7.42122810664726,116.17236370251,0.915054051244738,"deployment_matched",NA,NA,NA,NA,NA,NA,NA,NA,NA,NA
"woss_zoop_77","woss",27.75,100,5,0.0711180267167562,0.270248501523674,0.540497003047347,0.0426708160300537,2.11931719615934,0.0284472106867025,0.11378884274681,0.22757768549362,0,0,0,0,0,0,0,0,0,0.975304267358602,0.438290363689834,1.78027923211169,7,155,13660000,887900000,65,0.4193548387,155,20.119,"bathymetry",NA,FALSE,69604.05,147,50.1203995,-126.612999,NA,NA,NA,NA,NA,NA,NA,NA,2,1,"deep","woss_deep","woss_2","deep",14.0179363349292,7.59863323826016,116.126729143323,11.9653931954772,1.12414790669247,0.0755663644697973,2.44965671793827,2.54553849162229,NA,1.87813510232327,20.119,TRUE,18.2408648976767,18.2408648976767,16.9425,7.795,120.05,0.145,11.9432083851704,112.06836277681,12.0901604876835,11.58,20.119,21,19.634,14.057191999386,7.50993067245371,116.149546422917,1.0196009789686,14.0179363349292,7.59863323826016,116.126729143323,1.12414790669247,"deployment_matched","WOS","JUNE",2023,312,31200,9.150767697,0,0,0,0
"brewster_zoop_78","brewster",23.25,100,5,0.66208588743406,1.78253892770708,3.58205441663042,2.69927323338501,0.441390591622706,0,0.0169765612162579,0,0,0,0.0339531224325159,0.118835928513806,0,0,0,0.780921815947865,0,1.50301946740421,0.725599595209985,3.64430949278391,8,56.4,4132500,101246250,24.5,0.4343971631,56.4,19.961,"bathymetry",NA,FALSE,39971.18,186,50.1010017,-125.5830002,0.235609756,2.999650304,76.77082683,214.6102124,27.49214224,0.003266277,1.86009273642614e-05,68.27323045,1,1,"single","brewster_single",NA,"deep",10.0041350922131,7.06865701844263,108.380691598361,12.3286152663934,0.251613985655738,0.0341219262295082,6.37963678278688,7.25399418066249,NA,5.46638952923186,NA,NA,NA,NA,NA,NA,NA,NA,NA,NA,NA,NA,NA,NA,NA,10.5517756687145,7.15868625252366,108.905545361783,0.255020531646896,10.0041350922131,7.06865701844263,108.380691598361,0.251613985655738,"deployment_matched","BRE","JUNE",2023,926,92600,27.15900925,0,0,0,0
"rosseau_zoop_79","rosseau",8,200,9,0.87712232950666,0.219280582376665,4.3856116475333,6.52359732570578,0.164460436782499,0,0.0548201455941662,2.13798567817248,0,0,7.56518009199494,0.164460436782499,0,0,0,0,0,1.29451337844449,0.664359861591695,2.97938144329897,8,11,131000,759800,5.8,0.5272727273,11,7.957,"bathymetry",NA,FALSE,14541.36,137,48.8303986,-124.9950027,0.721428571,2.594562104,65.27616493,246.5765976,25.86197595,0.000772532,0,63.73926696,1,1,"single","rosseau_single","rosseau_1","single",13.6512221296682,6.42689990281827,98.4841802026933,10.2002436484798,0.468864362071359,0.0926801332778009,7.20023878939331,6.80739507222765,NA,6.34307650908712,7.957,TRUE,1.61392349091288,1.61392349091288,18.8042904040404,6.80520202020202,109.876557239057,0.168796296296296,8.08467520969245,75.1399347623486,8.86820596458527,7.9,7.957,20,7.203,13.6512221296682,6.42689990281827,98.4841802026933,0.468864362071359,13.6512221296682,6.42689990281827,98.4841802026933,0.468864362071359,"deployment_matched","RSS","JUNE",2023,34.8,3480,1.020662551,0,0,0,0
